{
    "星星符号": "★ ✰ ☆ ✩ ✫ ✬ ✭ ✮ ✡",
    "绘表符号": "─ ━ │ ┃ ┄ ┅ ┆ ┇ ┈ ┉ ┊ ┋ ┍ ┎ ┐ ┑ ┒ └ ┕ ┖ ┘ ┙ ┚ ├ ┝ ┞ ┟ ┡ ┢ ┣ ┤ ┥ ┦ ┧ ┩ ┪ ┫ ┬ ┭ ┮ ┰ ┱ ┲ ┴ ┵ ┶ ┸ ┹ ┺ ┻ ┼ ┽ ┾ ┿ ╀ ╁ ╂ ╃ ╄ ╅ ╆ ╇ ╈ ╉ ╊ ╋ ║ ╒ ╕ ╖ ╘ ╙ ╛ ╜ ╞ ╟ ╠ ╡ ╢ ╣ ╤ ╥ ╦ ╧ ╨ ╪ ╫ ╳ ╔ ╗ ╝ ╚ ╬ ═ ╓ ╩ ┠ ┨ ┯ ┷ ┏ ┓ ┗ ┛ ┳ ⊥ ﹃ ﹄ ┌ ╭ ╮ ╯ ╰",
    "编号&序号": "№ ① ② ③ ④ ⑤ ⑥ ⑦ ⑧ ⑨ ⑩ ㈠ ㈡ ㈢ ㈣ ㈤ ㈥ ㈦ ㈧ ㈨ ㈩ ⑴ ⑵ ⑶ ⑷ ⑸ ⑹ ⑺ ⑻ ⑼ ⑽ ⑾ ⑿ ⒀ ⒁ ⒂ ⒃ ⒄ ⒅ ⒆ ⒇ ⒈ ⒉ ⒊ ⒋ ⒌ ⒍ ⒎ ⒏ ⒐ ⒑ ⒒ ⒓ ⒔ ⒕ ⒖ ⒗ ⒘ ⒙ ⒚ ⒛ Ⅰ Ⅱ Ⅲ Ⅳ Ⅴ Ⅵ Ⅶ Ⅷ Ⅸ Ⅹ Ⅺ Ⅻ ⅰ ⅱ ⅲ ⅳ ⅴ ⅵ ⅶ ⅷ ⅸ ⅹ ⑪ ⑫ ⑬ ⑭ ⑮ ⑯ ⑰ ⑱ ⑲ ⑳ ⓐ ⓑ ⓒ ⓓ ⓔ ⓕ ⓖ ⓗ ⓘ ⓙ ⓚ ⓛ ⓜ ⓝ ⓞ ⓟ ⓠ ⓡ ⓢ ⓣ ⓤ ⓥ ⓦ ⓧ ⓨ ⓩ",
    "希腊字母": "Α Β Γ Δ Ε Ζ Η Θ Ι Κ Λ Μ Ν Ξ Ο Π Ρ Σ Τ Υ Φ Χ Ψ Ω α β γ δ ε ζ ν ξ ο π ρ σ η θ ι κ λ μ τ υ φ χ ψ ω",
    "俄语字符": "А Б В Г Д Е Ё Ж З И Й К Л М Н О П Р С Т У Ф Х Ц Ч Ш Щ Ъ Ы Ь Э Ю Я а б в г д е ё ж з и й к л м н о п р с т у ф х ц ч ш щ ъ ы ь э ю я",
    "日语字符": "ぁ あ ぃ い ぅ う ぇ え ぉ お か が き ぎ く ぐ け げ こ ご さ ざ し じ す ず せ ぜ そ ぞ た だ ち ぢ っ つ づ て で と ど な に ぬ ね の は ば ぱ ひ び ぴ ふ ぶ ぷ へ べ ぺ ほ ぼ ぽ ま み む め も ゃ や ゅ ゆ ょ よ ら り る れ ろ ゎ わ ゐ ゑ を ん",
    "注音码": "ァ ア ィ イ ゥ ウ ェ エ ォ オ カ ガ キ ギ ク グ ケ ゲ コ ゴ サ ザ シ ジ ス ズ セ ゼ ソ ゾ タ ダ チ ヂ ッ ツ ヅ テ デ ト ド ナ ニ ヌ ネ ノ ハ バ パ ヒ ビ ピ フ ブ プ ヘ ベ ペ ホ ボ ポ マ ミ ム メ モ ャ ヤ ュ ユ ョ ヨ ラ リ ル レ ロ ヮ ワ ヰ ヱ ヲ ン ヴ ヵ ヶ",
    "中文字符": "夬 丅 乛 丄 丩 乚 夊 亅 亇 厃 丂 零 壹 贰 叁 肆 伍 陆 柒 捌 玖 拾 佰 仟 万 亿 吉 太 拍 艾 分 厘 毫 微 卍 卐 卄 巜 弍 弎 弐 朤 氺 曱 甴 囍 兀 々 〆 の ぁ 〡 〢 〣 〤 〥 〦 〧 〨 〩 ㊊ ㊋ ㊌ ㊍ ㊎ ㊏ ㊛ ㊚ ㊐ ㊑ ㊒ ㊓ ㊔ ㊕ ㊖ ㊗ ㊘ ㊜ ㊝ ㊞ ㊟ ㊠ ㊡ ㊢ ㊣ ㊤ ㊥ ㊦ ㊧ ㊨ ㊩ ㊪ ㊫ ㊬ ㊭ ㊮ ㊯ ㊰",
    "汉语拼音": "ā á ǎ à ō ó ǒ ò ē é ě è ī í ǐ ì ū ú ǔ ù ǖ ǘ ǚ ǜ ü ㄅ ㄆ ㄇ ㄈ ㄉ ㄊ ㄋ ㄌ ㄍ ㄎ ㄏ ㄐ ㄑ ㄒ ㄓ ㄔ ㄕ ㄖ ㄗ ㄘ ㄙ ㄚ ㄛ ㄜ ㄝ ㄞ ㄟ ㄠ ㄡ ㄢ ㄣ ㄤ ㄥ ㄦ ㄧ ㄨ ㄩ",
    "单位符号": "㎎ ㎏ ㎜ ㎝ ㎞ ㎡ ㏄ ㏎ ㏑ ㏒ ㏕ ℡ % ‰ ℃ ℉ ° ′ ″ $ ￡ ￥ ￠ ♂ ♀ ℅",
    "标点符号": ". 。 ， 、 ; ： ？ ! ˉ ˇ ¨ ~ 々 ‖ ∶ \" ' ` | · … — ～ - 〃 ‘ ’ “ ” 〝 〞 〔 〕 〈 〉 《 》 「 」 『 』 〖 〗 【 】 ( ) [ ] { ｝ ︻ ︼ ﹄ ﹃",
    "数学符号": "+ - × ÷ ± / ≌ ∽ ≦ ≧ ≒ ﹤ ﹥ ≈ ≡ ≠ = ≤ ≥ < > ≮ ≯ ∷ ∶ ∫ ∮ ∝ ∞ ∧ ∨ ∑ ∏ ∪ ∩ ∈ ∵ ∴ ⊥ ∥ ∠ ⌒ ⊙ √ ∟ ⊿ ㏒ ㏑ % ‰",
    "箭头符号": "↑ ↓ ← → ↖ ↗ ↙ ↘ ↔ ↕ ➼ ➽ ➸ ➳ ➺ ➻ ➴ ➵ ➶ ➷ ➹ ▶ ➩ ➪ ➫ ➬ ➭ ➮ ➯ ➱ ➲ ➾ ➔ ➘ ➙ ➚ ➛ ➜ ➝ ➞ ➟ ➠ ➡ ➢ ➣ ➤ ➥ ➦ ➧ ➨ ↚ ↛ ↜ ↝ ↞ ↟ ↠ ↡ ↢ ↣ ↤ ↥ ↦ ↧ ↨ ⇄ ⇅ ⇆ ⇇ ⇈ ⇉ ⇊ ⇋ ⇌ ⇍ ⇎ ⇏ ⇐ ⇑ ⇒ ⇓ ⇔ ⇖ ⇗ ⇘ ⇙ ⇜ ↩ ↪ ↫ ↬ ↭ ↮ ↯ ↰ ↱ ↲ ↳ ↴ ↵ ↶ ↷ ↸ ↹ ↺ ↻ ↼ ↽ ↾ ↿ ⇀ ⇁ ⇂ ⇃ ⇞ ⇟ ⇠ ⇡ ⇢ ⇣ ⇤ ⇥ ⇦ ⇧ ⇨ ⇩ ⇪"
}
