{
    "表情": "😀 😁 😂 😃 😄 😅 😆 😉 😊 😋 😎 😍 😘 😗 😙 😚 ☺ 😇 😐 😑 😶 😏 😣 😥 😮 😯 😪 😫 😴 😌 😛 😜 😝 😒 😓 😔 😕 😲 😷 😖 😞 😟 😤 😢 😭 😦 😧 😨 😬 😰 😱 😳 😵 😡 😠",
    "人物": "👦 👧 👨 👩 👴 👵 👶 👱 👮 👲 👳 👷 👸 💂 🎅 👰 👼 💆 💇 🙍 🙎 🙅 🙆 💁 🙋 🙇 🙌 🙏 👤 👥 🚶 🏃 👯 💃 👫 👬 👭 💏 💑 👪",
    "箭头": "🔃 🔄 🔙 🔚 🔛 🔜 🔝",
    "办公": "📱 📲 ☎ 📞 📟 📠 🔋 🔌 💻 💽 💾 💿 📀 🎥 📺 📷 📹 📼 🔍 🔎 🔬 🔭 📡 📔 📕 📖 📗 📘 📙 📚 📓 📃 📜 📄 📰 📑 🔖 💳 ✉ 📧 📨 📩 📤 📥 📦 📫 📪 📬 📭 📮 ✏ ✒ 📝 📁 📂 📅 📆 📇 📈 📉 📊 📋 📌 📍 📎 📏 📐 ✂ 🔒 🔓 🔏 🔐 🔑",
    "建筑": "🏠 🏡 🏢 🏣 🏤 🏥 🏦 🏨 🏩 🏪 🏫 🏬 🏭 🏯 🏰 💒 🗼 🗽 ⛪ 🌆 🌇 🌉",
    "交通": "🚂 🚃 🚄 🚅 🚆 🚇 🚈 🚉 🚊 🚝 🚞 🚋 🚌 🚍 🚎 🚏 🚐 🚑 🚒 🚓 🚔 🚕 🚖 🚗 🚘 🚚 🚛 🚜 🚲 ⛽ 🚨 🚥 🚦 🚧 ⚓ ⛵ 🚣 🚤 🚢 ✈ 💺 🚁 🚟 🚠 🚡 🚀",
    "钱币": "💴 💵 💶 💷 💰 💸 💳",
    "水果": "🍇 🍈 🍉 🍊 🍋 🍌 🍍 🍎 🍏 🍐 🍑 🍒 🍓",
    "月亮": "🌑 🌒 🌓 🌔 🌕 🌖 🌗 🌘 🌙 🌚 🌛 🌜 🌝",
    "树叶": "🌿 🍀 🍁 🍂 🍃",
    "花草": "💐 🌸 💮 🌹 🌺 🌻 🌼 🌷 🌱 🌿 🍀",
    "心形": "💘 ❤ 💓 💔 💕 💖 💗 💙 💚 💛 💜 💝 💞 💟 ❣",
    "钟表": "🕛 🕧 🕐 🕜 🕑 🕝 🕒 🕞 🕓 🕟 🕔 🕠 🕕 🕡 🕖 🕢 🕗 🕣 🕘 🕤 🕙 🕥 🕚 🕦 ⌛ ⏳ ⌚ ⏰ ⏱ ⏲ 🕰",
    "星座": "♈ ♉ ♊ ♋ ♌ ♍ ♎ ♏ ♐ ♑ ♒ ♓ ⛎",
    "生肖": "🐁 🐂 🐅 🐇 🐉 🐍 🐎 🐐 🐒 🐓 🐕 🐖",
    "标志": "♠ ♥ ♦ ♣ 🀄 🎴 🔇 🔈 🔉 🔊 📢 📣 💤 💢 💬 💭 ♨ 🌀 🔔 🔕 ✡ ✝ 🔯 📛 🔰 🔱 ⭕ ✅ ☑ ✔ ✖ ❌ ❎ ➕ ➖ ➗ ➰ ➿ 〽 ✳ ✴ ❇ ‼ ⁉ ❓ ❔ ❕ ❗ © ® ™ 🎦 🔅 🔆 💯 🔠 🔡 🔢 🔣 🔤 🅰 🆎 🅱 🆑 🆒 🆓 ℹ 🆔 Ⓜ 🆕 🆖 🅾 🆗 🅿 🆘 🆙 🆚 🈁 🈂 🈷 🈶 🈯 🉐 🈹 🈚 🈲 🉑 🈸 🈴 🈳 ㊗ ㊙ 🈺 🈵 ▪ ▫ ◻ ◼ ◽ ◾ ⬛ ⬜ 🔶 🔷 🔸 🔹 🔺 🔻 💠 🔲 🔳 ⚪ ⚫ 🔴 🔵",
    "物品": "💌 💎 🔪 💈 🚪 🚽 🚿 🛁 ⌛ ⏳ ⌚ ⏰ 🎈 🎉 🎊 🎎 🎏 🎐 🎀 🎁 📯 📻 📱 📲 ☎ 📞 📟 📠 🔋 🔌 💻 💽 💾 💿 📀 🎥 📺 📷 📹 📼 🔍 🔎 🔬 🔭 📡 💡 🔦 🏮 📔 📕 📖 📗 📘 📙 📚 📓 📃 📜 📄 📰 📑 🔖 💰 💴 💵 💶 💷 💸 💳 ✉ 📧 📨 📩 📤 📥 📦 📫 📪 📬 📭 📮 ✏ ✒ 📝 📁 📂 📅 📆 📇 📈 📉 📊 📋 📌 📍 📎 📏 📐 ✂ 🔒 🔓 🔏 🔐 🔑 🔨 🔫 🔧 🔩 🔗 💉 💊 🚬 🔮 🚩 🎌 💦 💨",
    "旅游": "🌋 🗻 🏠 🏡 🏢 🏣 🏤 🏥 🏦 🏨 🏩 🏪 🏫 🏬 🏭 🏯 🏰 💒 🗼 🗽 ⛪ ⛲ 🌁 🌃 🌆 🌇 🌉 🌌 🎠 🎡 🎢 🚂 🚃 🚄 🚅 🚆 🚇 🚈 🚉 🚊 🚝 🚞 🚋 🚌 🚍 🚎 🚏 🚐 🚑 🚒 🚓 🚔 🚕 🚖 🚗 🚘 🚚 🚛 🚜 🚲 ⛽ 🚨 🚥 🚦 🚧 ⚓ ⛵ 🚤 🚢 ✈ 💺 🚁 🚟 🚠 🚡 🚀 🎑 🗿 🛂 🛃 🛄 🛅",
    "恐怖": "😈 👿 👹 👺 💀 ☠ 👻 👽 👾 💣",
    "文体": "🎪 🎭 🎨 🎰 🚣 🛀 🎫 🏆 ⚽ ⚾ 🏀 🏈 🏉 🎾 🎱 🎳 ⛳ 🎣 🎽 🎿 🏂 🏄 🏇 🏊 🚴 🚵 🎯 🎮 🎲 🎷 🎸 🎺 🎻 🎬",
    "饮食": "🍇 🍈 🍉 🍊 🍋 🍌 🍍 🍎 🍏 🍐 🍑 🍒 🍓 🍅 🍆 🌽 🍄 🌰 🍞 🍖 🍗 🍔 🍟 🍕 🍳 🍲 🍱 🍘 🍙 🍚 🍛 🍜 🍝 🍠 🍢 🍣 🍤 🍥 🍡 🍦 🍧 🍨 🍩 🍪 🎂 🍰 🍫 🍬 🍭 🍮 🍯 🍼 ☕ 🍵 🍶 🍷 🍸 🍹 🍺 🍻 🍴",
    "自然": "🌍 🌎 🌏 🌐 🌑 🌒 🌓 🌔 🌕 🌖 🌗 🌘 🌙 🌚 🌛 🌜 ☀ 🌝 🌞 ⭐ 🌟 🌠 ☁ ⛅ ☔ ⚡ ❄ 🔥 💧 🌊",
    "植物": "💐 🌸 💮 🌹 🌺 🌻 🌼 🌷 🌱 🌲 🌳 🌴 🌵 🌾 🌿 🍀 🍁 🍂 🍃",
    "动物": "🙈 🙉 🙊 🐵 🐒 🐶 🐕 🐩 🐺 🐱 😺 😸 😹 😻 😼 😽 🙀 😿 😾 🐈 🐯 🐅 🐆 🐴 🐎 🐮 🐂 🐃 🐄 🐷 🐖 🐗 🐽 🐏 🐑 🐐 🐪 🐫 🐘 🐭 🐁 🐀 🐹 🐰 🐇 🐻 🐨 🐼 🐾 🐔 🐓 🦆 🦢 🕊 🦜 🦉 🐣 🐤 🐥 🐦 🐧 🐸 🐊 🐢 🐍 🐲 🐉 🐳 🐋 🐬 🐟 🐠 🐡 🐙 🐚 🐌 🐛 🐜 🐝 🐞 🦋",
    "公共": "♻ 🏧 🚮 🚰 ♿ 🚹 🚺 🚻 🚼 🚾 ⚠ 🚸 ⛔ 🚫 🚳 🚭 🚯 🚱 🚷 🔞 💈",
    "手机": "📱 📲 📶 📳 📴 ☎ 📞 📟 📠",
    "日常": "👣 👀 👂 👃 👅 👄 💋 👓 👔 👕 👖 👗 👘 👙 👚 👛 👜 👝 🎒 💼 👞 👟 👠 👡 👢 👑 👒 🎩 🎓 💄 💅 💍 🌂",
    "手势": "💪 👈 👉 ☝ 👆 👇 ✌ ✋ 👌 👍 👎 ✊ 👊 👋 👏 👐 ✍"
}
