{
    "泡泡": [
        {
            "icon": "assets/images/owo/paopao/E591B5E591B5_2x.png",
            "data": "::(呵呵)"
        },
        {
            "icon": "assets/images/owo/paopao/E59388E59388_2x.png",
            "data": "::(哈哈)"
        },
        {
            "icon": "assets/images/owo/paopao/E59090E8888C_2x.png",
            "data": "::(吐舌)"
        },
        {
            "icon": "assets/images/owo/paopao/E5A4AAE5BC80E5BF83_2x.png",
            "data": "::(太开心)"
        },
        {
            "icon": "assets/images/owo/paopao/E7AC91E79CBC_2x.png",
            "data": "::(笑眼)"
        },
        {
            "icon": "assets/images/owo/paopao/E88AB1E5BF83_2x.png",
            "data": "::(花心)"
        },
        {
            "icon": "assets/images/owo/paopao/E5B08FE4B996_2x.png",
            "data": "::(小乖)"
        },
        {
            "icon": "assets/images/owo/paopao/E4B996_2x.png",
            "data": "::(乖)"
        },
        {
            "icon": "assets/images/owo/paopao/E68D82E598B4E7AC91_2x.png",
            "data": "::(捂嘴笑)"
        },
        {
            "icon": "assets/images/owo/paopao/E6BB91E7A8BD_2x.png",
            "data": "::(滑稽)"
        },
        {
            "icon": "assets/images/owo/paopao/E4BDA0E68782E79A84_2x.png",
            "data": "::(你懂的)"
        },
        {
            "icon": "assets/images/owo/paopao/E4B88DE9AB98E585B4_2x.png",
            "data": "::(不高兴)"
        },
        {
            "icon": "assets/images/owo/paopao/E68092_2x.png",
            "data": "::(怒)"
        },
        {
            "icon": "assets/images/owo/paopao/E6B197_2x.png",
            "data": "::(汗)"
        },
        {
            "icon": "assets/images/owo/paopao/E9BB91E7BABF_2x.png",
            "data": "::(黑线)"
        },
        {
            "icon": "assets/images/owo/paopao/E6B3AA_2x.png",
            "data": "::(泪)"
        },
        {
            "icon": "assets/images/owo/paopao/E79C9FE6A392_2x.png",
            "data": "::(真棒)"
        },
        {
            "icon": "assets/images/owo/paopao/E596B7_2x.png",
            "data": "::(喷)"
        },
        {
            "icon": "assets/images/owo/paopao/E6838AE593AD_2x.png",
            "data": "::(惊哭)"
        },
        {
            "icon": "assets/images/owo/paopao/E998B4E999A9_2x.png",
            "data": "::(阴险)"
        },
        {
            "icon": "assets/images/owo/paopao/E98499E8A786_2x.png",
            "data": "::(鄙视)"
        },
        {
            "icon": "assets/images/owo/paopao/E985B7_2x.png",
            "data": "::(酷)"
        },
        {
            "icon": "assets/images/owo/paopao/E5958A_2x.png",
            "data": "::(啊)"
        },
        {
            "icon": "assets/images/owo/paopao/E78B82E6B197_2x.png",
            "data": "::(狂汗)"
        },
        {
            "icon": "assets/images/owo/paopao/what_2x.png",
            "data": "::(what)"
        },
        {
            "icon": "assets/images/owo/paopao/E79691E997AE_2x.png",
            "data": "::(疑问)"
        },
        {
            "icon": "assets/images/owo/paopao/E985B8E788BD_2x.png",
            "data": "::(酸爽)"
        },
        {
            "icon": "assets/images/owo/paopao/E59180E592A9E788B9_2x.png",
            "data": "::(呀咩爹)"
        },
        {
            "icon": "assets/images/owo/paopao/E5A794E5B188_2x.png",
            "data": "::(委屈)"
        },
        {
            "icon": "assets/images/owo/paopao/E6838AE8AEB6_2x.png",
            "data": "::(惊讶)"
        },
        {
            "icon": "assets/images/owo/paopao/E79DA1E8A789_2x.png",
            "data": "::(睡觉)"
        },
        {
            "icon": "assets/images/owo/paopao/E7AC91E5B0BF_2x.png",
            "data": "::(笑尿)"
        },
        {
            "icon": "assets/images/owo/paopao/E68C96E9BCBB_2x.png",
            "data": "::(挖鼻)"
        },
        {
            "icon": "assets/images/owo/paopao/E59090_2x.png",
            "data": "::(吐)"
        },
        {
            "icon": "assets/images/owo/paopao/E78A80E588A9_2x.png",
            "data": "::(犀利)"
        },
        {
            "icon": "assets/images/owo/paopao/E5B08FE7BAA2E884B8_2x.png",
            "data": "::(小红脸)"
        },
        {
            "icon": "assets/images/owo/paopao/E68792E5BE97E79086_2x.png",
            "data": "::(懒得理)"
        },
        {
            "icon": "assets/images/owo/paopao/E58B89E5BCBA_2x.png",
            "data": "::(勉强)"
        },
        {
            "icon": "assets/images/owo/paopao/E788B1E5BF83_2x.png",
            "data": "::(爱心)"
        },
        {
            "icon": "assets/images/owo/paopao/E5BF83E7A28E_2x.png",
            "data": "::(心碎)"
        },
        {
            "icon": "assets/images/owo/paopao/E78EABE791B0_2x.png",
            "data": "::(玫瑰)"
        },
        {
            "icon": "assets/images/owo/paopao/E7A4BCE789A9_2x.png",
            "data": "::(礼物)"
        },
        {
            "icon": "assets/images/owo/paopao/E5BDA9E899B9_2x.png",
            "data": "::(彩虹)"
        },
        {
            "icon": "assets/images/owo/paopao/E5A4AAE998B3_2x.png",
            "data": "::(太阳)"
        },
        {
            "icon": "assets/images/owo/paopao/E6989FE6989FE69C88E4BAAE_2x.png",
            "data": "::(星星月亮)"
        },
        {
            "icon": "assets/images/owo/paopao/E992B1E5B881_2x.png",
            "data": "::(钱币)"
        },
        {
            "icon": "assets/images/owo/paopao/E88CB6E69DAF_2x.png",
            "data": "::(茶杯)"
        },
        {
            "icon": "assets/images/owo/paopao/E89B8BE7B395_2x.png",
            "data": "::(蛋糕)"
        },
        {
            "icon": "assets/images/owo/paopao/E5A4A7E68B87E68C87_2x.png",
            "data": "::(大拇指)"
        },
        {
            "icon": "assets/images/owo/paopao/E8839CE588A9_2x.png",
            "data": "::(胜利)"
        },
        {
            "icon": "assets/images/owo/paopao/haha_2x.png",
            "data": "::(haha)"
        },
        {
            "icon": "assets/images/owo/paopao/OK_2x.png",
            "data": "::(OK)"
        },
        {
            "icon": "assets/images/owo/paopao/E6B299E58F91_2x.png",
            "data": "::(沙发)"
        },
        {
            "icon": "assets/images/owo/paopao/E6898BE7BAB8_2x.png",
            "data": "::(手纸)"
        },
        {
            "icon": "assets/images/owo/paopao/E9A699E89589_2x.png",
            "data": "::(香蕉)"
        },
        {
            "icon": "assets/images/owo/paopao/E4BEBFE4BEBF_2x.png",
            "data": "::(便便)"
        },
        {
            "icon": "assets/images/owo/paopao/E88DAFE4B8B8_2x.png",
            "data": "::(药丸)"
        },
        {
            "icon": "assets/images/owo/paopao/E7BAA2E9A286E5B7BE_2x.png",
            "data": "::(红领巾)"
        },
        {
            "icon": "assets/images/owo/paopao/E89CA1E7839B_2x.png",
            "data": "::(蜡烛)"
        },
        {
            "icon": "assets/images/owo/paopao/E99FB3E4B990_2x.png",
            "data": "::(音乐)"
        },
        {
            "icon": "assets/images/owo/paopao/E781AFE6B3A1_2x.png",
            "data": "::(灯泡)"
        },
        {
            "icon": "assets/images/owo/paopao/E5BC80E5BF83_2x.png",
            "data": "::(开心)"
        },
        {
            "icon": "assets/images/owo/paopao/E992B1_2x.png",
            "data": "::(钱)"
        },
        {
            "icon": "assets/images/owo/paopao/E592A6_2x.png",
            "data": "::(咦)"
        },
        {
            "icon": "assets/images/owo/paopao/E591BC_2x.png",
            "data": "::(呼)"
        },
        {
            "icon": "assets/images/owo/paopao/E586B7_2x.png",
            "data": "::(冷)"
        },
        {
            "icon": "assets/images/owo/paopao/E7949FE6B094_2x.png",
            "data": "::(生气)"
        },
        {
            "icon": "assets/images/owo/paopao/E5BCB1_2x.png",
            "data": "::(弱)"
        },
        {
            "icon": "assets/images/owo/paopao/E78B97E5A4B4_2x.png",
            "data": "::(狗头)"
        }
    ],
    "阿鲁": [
        {
            "icon": "assets/images/owo/aru/E9AB98E585B4_2x.png",
            "data": ":@(高兴)"
        },
        {
            "icon": "assets/images/owo/aru/E5B08FE68092_2x.png",
            "data": ":@(小怒)"
        },
        {
            "icon": "assets/images/owo/aru/E884B8E7BAA2_2x.png",
            "data": ":@(脸红)"
        },
        {
            "icon": "assets/images/owo/aru/E58685E4BCA4_2x.png",
            "data": ":@(内伤)"
        },
        {
            "icon": "assets/images/owo/aru/E8A385E5A4A7E6ACBE_2x.png",
            "data": ":@(装大款)"
        },
        {
            "icon": "assets/images/owo/aru/E8B59EE4B880E4B8AA_2x.png",
            "data": ":@(赞一个)"
        },
        {
            "icon": "assets/images/owo/aru/E5AEB3E7BE9E_2x.png",
            "data": ":@(害羞)"
        },
        {
            "icon": "assets/images/owo/aru/E6B197_2x.png",
            "data": ":@(汗)"
        },
        {
            "icon": "assets/images/owo/aru/E59090E8A180E58092E59CB0_2x.png",
            "data": ":@(吐血倒地)"
        },
        {
            "icon": "assets/images/owo/aru/E6B7B1E6809D_2x.png",
            "data": ":@(深思)"
        },
        {
            "icon": "assets/images/owo/aru/E4B88DE9AB98E585B4_2x.png",
            "data": ":@(不高兴)"
        },
        {
            "icon": "assets/images/owo/aru/E697A0E8AFAD_2x.png",
            "data": ":@(无语)"
        },
        {
            "icon": "assets/images/owo/aru/E4BAB2E4BAB2_2x.png",
            "data": ":@(亲亲)"
        },
        {
            "icon": "assets/images/owo/aru/E58FA3E6B0B4_2x.png",
            "data": ":@(口水)"
        },
        {
            "icon": "assets/images/owo/aru/E5B0B4E5B0AC_2x.png",
            "data": ":@(尴尬)"
        },
        {
            "icon": "assets/images/owo/aru/E4B8ADE68C87_2x.png",
            "data": ":@(中指)"
        },
        {
            "icon": "assets/images/owo/aru/E683B3E4B880E683B3_2x.png",
            "data": ":@(想一想)"
        },
        {
            "icon": "assets/images/owo/aru/E593ADE6B3A3_2x.png",
            "data": ":@(哭泣)"
        },
        {
            "icon": "assets/images/owo/aru/E4BEBFE4BEBF_2x.png",
            "data": ":@(便便)"
        },
        {
            "icon": "assets/images/owo/aru/E78CAEE88AB1_2x.png",
            "data": ":@(献花)"
        },
        {
            "icon": "assets/images/owo/aru/E79AB1E79C89_2x.png",
            "data": ":@(皱眉)"
        },
        {
            "icon": "assets/images/owo/aru/E582BBE7AC91_2x.png",
            "data": ":@(傻笑)"
        },
        {
            "icon": "assets/images/owo/aru/E78B82E6B197_2x.png",
            "data": ":@(狂汗)"
        },
        {
            "icon": "assets/images/owo/aru/E59090_2x.png",
            "data": ":@(吐)"
        },
        {
            "icon": "assets/images/owo/aru/E596B7E6B0B4_2x.png",
            "data": ":@(喷水)"
        },
        {
            "icon": "assets/images/owo/aru/E79C8BE4B88DE8A781_2x.png",
            "data": ":@(看不见)"
        },
        {
            "icon": "assets/images/owo/aru/E9BC93E68E8C_2x.png",
            "data": ":@(鼓掌)"
        },
        {
            "icon": "assets/images/owo/aru/E998B4E69A97_2x.png",
            "data": ":@(阴暗)"
        },
        {
            "icon": "assets/images/owo/aru/E995BFE88D89_2x.png",
            "data": ":@(长草)"
        },
        {
            "icon": "assets/images/owo/aru/E78CAEE9BB84E7939C_2x.png",
            "data": ":@(献黄瓜)"
        },
        {
            "icon": "assets/images/owo/aru/E982AAE681B6_2x.png",
            "data": ":@(邪恶)"
        },
        {
            "icon": "assets/images/owo/aru/E69C9FE5BE85_2x.png",
            "data": ":@(期待)"
        },
        {
            "icon": "assets/images/owo/aru/E5BE97E6848F_2x.png",
            "data": ":@(得意)"
        },
        {
            "icon": "assets/images/owo/aru/E59090E8888C_2x.png",
            "data": ":@(吐舌)"
        },
        {
            "icon": "assets/images/owo/aru/E596B7E8A180_2x.png",
            "data": ":@(喷血)"
        },
        {
            "icon": "assets/images/owo/aru/E697A0E68980E8B093_2x.png",
            "data": ":@(无所谓)"
        },
        {
            "icon": "assets/images/owo/aru/E8A782E5AF9F_2x.png",
            "data": ":@(观察)",
            "text": "观察"
        },
        {
            "icon": "assets/images/owo/aru/E69A97E59CB0E8A782E5AF9F_2x.png",
            "data": ":@(暗地观察)"
        },
        {
            "icon": "assets/images/owo/aru/E882BFE58C85_2x.png",
            "data": ":@(肿包)"
        },
        {
            "icon": "assets/images/owo/aru/E4B8ADE69EAA_2x.png",
            "data": ":@(中枪)"
        },
        {
            "icon": "assets/images/owo/aru/E5A4A7E59BA7_2x.png",
            "data": ":@(大囧)"
        },
        {
            "icon": "assets/images/owo/aru/E591B2E78999_2x.png",
            "data": ":@(呲牙)"
        },
        {
            "icon": "assets/images/owo/aru/E68AA0E9BCBB_2x.png",
            "data": ":@(抠鼻)"
        },
        {
            "icon": "assets/images/owo/aru/E4B88DE8AFB4E8AF9D_2x.png",
            "data": ":@(不说话)"
        },
        {
            "icon": "assets/images/owo/aru/E592BDE6B094_2x.png",
            "data": ":@(咽气)"
        },
        {
            "icon": "assets/images/owo/aru/E6ACA2E591BC_2x.png",
            "data": ":@(欢呼)"
        },
        {
            "icon": "assets/images/owo/aru/E99481E79C89_2x.png",
            "data": ":@(锁眉)"
        },
        {
            "icon": "assets/images/owo/aru/E89CA1E7839B_2x.png",
            "data": ":@(蜡烛)"
        },
        {
            "icon": "assets/images/owo/aru/E59D90E7AD89_2x.png",
            "data": ":@(坐等)"
        },
        {
            "icon": "assets/images/owo/aru/E587BBE68E8C_2x.png",
            "data": ":@(击掌)"
        },
        {
            "icon": "assets/images/owo/aru/E6838AE5969C_2x.png",
            "data": ":@(惊喜)"
        },
        {
            "icon": "assets/images/owo/aru/E5969CE69E81E8808CE6B3A3_2x.png",
            "data": ":@(喜极而泣)"
        },
        {
            "icon": "assets/images/owo/aru/E68ABDE7839F_2x.png",
            "data": ":@(抽烟)"
        },
        {
            "icon": "assets/images/owo/aru/E4B88DE587BAE68980E69699_2x.png",
            "data": ":@(不出所料)"
        },
        {
            "icon": "assets/images/owo/aru/E684A4E68092_2x.png",
            "data": ":@(愤怒)"
        },
        {
            "icon": "assets/images/owo/aru/E697A0E5A588_2x.png",
            "data": ":@(无奈)"
        },
        {
            "icon": "assets/images/owo/aru/E9BB91E7BABF_2x.png",
            "data": ":@(黑线)"
        },
        {
            "icon": "assets/images/owo/aru/E68A95E9998D_2x.png",
            "data": ":@(投降)"
        },
        {
            "icon": "assets/images/owo/aru/E79C8BE783ADE997B9_2x.png",
            "data": ":@(看热闹)"
        },
        {
            "icon": "assets/images/owo/aru/E68987E880B3E58589_2x.png",
            "data": ":@(扇耳光)"
        },
        {
            "icon": "assets/images/owo/aru/E5B08FE79CBCE79D9B_2x.png",
            "data": ":@(小眼睛)"
        },
        {
            "icon": "assets/images/owo/aru/E4B8ADE58880_2x.png",
            "data": ":@(中刀)"
        }
    ],
    "颜文字": [
        {
            "icon": "|´・ω・)ノ",
            "data": "|´・ω・)ノ"
        },
        {
            "icon": "ヾ(≧∇≦*)ゝ",
            "data": "ヾ(≧∇≦*)ゝ"
        },
        {
            "icon": "(☆ω☆)",
            "data": "(☆ω☆)"
        },
        {
            "icon": "（╯‵□′）╯︵┴─┴",
            "data": "（╯‵□′）╯︵┴─┴"
        },
        {
            "icon": "￣﹃￣",
            "data": "￣﹃￣"
        },
        {
            "icon": "(/ω＼)",
            "data": "(/ω＼)"
        },
        {
            "icon": "∠( ᐛ 」∠)＿",
            "data": "∠( ᐛ 」∠)＿"
        },
        {
            "icon": "(๑•̀ㅁ•́ฅ)",
            "data": "(๑•̀ㅁ•́ฅ)"
        },
        {
            "icon": "→_→",
            "data": "→_→"
        },
        {
            "icon": "୧(๑•̀⌄•́๑)૭",
            "data": "୧(๑•̀⌄•́๑)૭"
        },
        {
            "icon": "٩(ˊᗜˋ*)و",
            "data": "٩(ˊᗜˋ*)و"
        },
        {
            "icon": "(ノ°ο°)ノ",
            "data": "(ノ°ο°)ノ"
        },
        {
            "icon": "(´இ皿இ｀)",
            "data": "(´இ皿இ｀)"
        },
        {
            "icon": "⌇●﹏●⌇",
            "data": "⌇●﹏●⌇"
        },
        {
            "icon": "(ฅ´ω`ฅ)",
            "data": "(ฅ´ω`ฅ)"
        },
        {
            "icon": "(╯°A°)╯︵○○○",
            "data": "(╯°A°)╯︵○○○"
        },
        {
            "icon": "φ(￣∇￣o)",
            "data": "φ(￣∇￣o)"
        },
        {
            "icon": "ヾ(´･ ･｀｡)ノ\"",
            "data": "ヾ(´･ ･｀｡)ノ\""
        },
        {
            "icon": "( ง ᵒ̌皿ᵒ̌)ง⁼³₌₃",
            "data": "( ง ᵒ̌皿ᵒ̌)ง⁼³₌₃"
        },
        {
            "icon": "(ó﹏ò｡)",
            "data": "(ó﹏ò｡)"
        },
        {
            "icon": "Σ(っ °Д °;)っ",
            "data": "Σ(っ °Д °;)っ"
        },
        {
            "icon": "( ,,´･ω･)ﾉ\"(´っω･｀｡)",
            "data": "( ,,´･ω･)ﾉ\"(´っω･｀｡)"
        },
        {
            "icon": "╮(╯▽╰)╭ ",
            "data": "╮(╯▽╰)╭ "
        },
        {
            "icon": "o(*////▽////*)q ",
            "data": "o(*////▽////*)q "
        },
        {
            "icon": "＞﹏＜",
            "data": "＞﹏＜"
        },
        {
            "icon": "( ๑´•ω•) \"(ㆆᴗㆆ)",
            "data": "( ๑´•ω•) \"(ㆆᴗㆆ)"
        },
        {
            "icon": "(｡•ˇ‸ˇ•｡)",
            "data": "(｡•ˇ‸ˇ•｡)"
        }
    ]
}
